N/A;{N/A};{N/A};*
Kindergarten;{Kindergarten, Preschool};{Kindergarten, Preschool};*
Preschool;{Kindergarten, Preschool};{Kindergarten, Preschool};*
Grade 1;{Grade 1 to Grade 12};{Highschool, college undergraduate or graduate};*
Grade 2;{Grade 1 to Grade 12};{Highschool, college undergraduate or graduate};*
Grade 3;{Grade 1 to Grade 12};{Highschool, college undergraduate or graduate};*
Grade 4;{Grade 1 to Grade 12};{Highschool, college undergraduate or graduate};*
Grade 5;{Grade 1 to Grade 12};{Highschool, college undergraduate or graduate};*
Grade 6;{Grade 1 to Grade 12};{Highschool, college undergraduate or graduate};*
Grade 7;{Grade 1 to Grade 12};{Highschool, college undergraduate or graduate};*
Grade 8;{Grade 1 to Grade 12};{Highschool, college undergraduate or graduate};*
Grade 9;{Grade 1 to Grade 12};{Highschool, college undergraduate or graduate};*
Grade 10;{Grade 1 to Grade 12};{Highschool, college undergraduate or graduate};*
Grade 11;{Grade 1 to Grade 12};{Highschool, college undergraduate or graduate};*
Grade 12;{Grade 1 to Grade 12};{Highschool, college undergraduate or graduate};*
College undergraduate;{Undergraduate or graduate};{Highschool, college undergraduate or graduate};*
Graduate or professional school;{Undergraduate or graduate};{Highschool, college undergraduate or graduate};*
